user_id,first_seen,last_seen,total_days_active,total_sessions,avg_session_duration,total_spend,purchase_count,total_ad_views,total_ad_revenue,has_subscription,top_content_category,max_level,country,device_type,acquisition_channel,archetype_label,estimated_ltv
user_0310,2026-01-01 00:01:10,2026-02-15 15:02:54.000000,46,21,20.3,0.0,0,10,0.5324,False,action,6,US,web,organic,casual,0.5324
user_0403,2026-01-01 00:02:45,2026-01-01 23:20:29.000000,1,1,10.0,0.0,0,0,0.0,False,news,1,US,ios,organic,new_user,0.0
user_0422,2026-01-01 00:07:41,2026-03-29 23:50:49.587574,88,154,22.8,79.93,10,54,2.2803,True,puzzle,58,US,ios,referral,high_value,82.2103
user_0178,2026-01-01 00:12:39,2026-02-11 09:22:13.000000,42,20,21.3,0.0,0,10,0.445,True,puzzle,9,US,ios,paid_social,high_value,0.445
user_0456,2026-01-01 00:16:08,2026-02-11 17:28:30.000000,42,25,20.5,14.55,2,12,0.6928,True,puzzle,6,IN,ios,paid_search,high_value,15.2428
user_0284,2026-01-01 00:17:50,2026-03-05 19:42:50.000000,64,22,20.4,0.0,0,5,0.2621,True,social,8,US,android,viral,high_value,0.2621
user_0173,2026-01-01 00:18:22,2026-02-07 22:27:51.663106,38,27,20.9,0.0,0,18,0.7113,True,social,10,US,web,referral,high_value,0.7113
user_0339,2026-01-01 00:21:02,2026-02-19 20:06:06.000000,50,24,18.9,17.55,3,8,0.3464,False,action,9,IN,android,paid_social,casual,17.8964
user_0015,2026-01-01 00:28:24,2026-01-01 20:09:01.000000,1,1,15.9,0.0,0,0,0.0,False,unknown,1,UK,web,paid_social,new_user,0.0
user_0487,2026-01-01 00:36:50,2026-01-01 20:15:47.000000,1,1,6.6,0.0,0,0,0.0,False,puzzle,1,UK,ios,referral,new_user,0.0
user_0346,2026-01-01 00:42:34,2026-02-08 21:29:21.195768,39,18,19.8,45.77,5,4,0.1582,True,social,8,IN,ios,organic,high_value,45.9282
user_0348,2026-01-01 00:44:04,2026-03-31 22:47:12.000000,90,32,16.7,21.15,4,17,0.7885,True,action,13,BR,ios,paid_social,high_value,21.9385
user_0070,2026-01-01 00:44:57,2026-01-01 15:44:53.000000,1,1,8.7,6.81,1,1,0.0495,False,action,2,US,android,organic,new_user,6.8595
user_0482,2026-01-01 00:51:55,2026-02-15 13:05:24.549125,46,14,20.5,15.54,2,6,0.2769,True,action,2,IN,web,paid_search,high_value,15.8169
user_0113,2026-01-01 00:55:38,2026-02-17 14:38:24.420710,48,24,15.4,4.04,1,5,0.2158,True,video,10,US,android,paid_social,high_value,4.2558
user_0466,2026-01-01 01:00:04,2026-03-31 21:50:26.277805,90,134,20.0,1300.28,36,24,1.1307,True,action,40,JP,ios,organic,high_value,1301.4107
user_0226,2026-01-01 01:07:44,2026-03-17 21:40:08.641039,76,149,22.3,59.63,9,61,2.5206,True,news,52,UK,ios,paid_search,highly_engaged,62.1506
user_0208,2026-01-01 01:14:31,2026-01-01 09:57:56.000000,1,1,2.4,0.0,0,0,0.0,False,action,1,US,android,organic,new_user,0.0
user_0151,2026-01-01 01:15:15,2026-03-31 17:02:08.581838,90,39,21.1,5.09,2,19,0.9783,True,action,17,BR,ios,organic,high_value,6.0683
user_0012,2026-01-01 01:17:05,2026-03-31 23:12:51.000000,90,143,21.0,1833.03,38,17,0.7265,True,action,42,US,ios,paid_search,high_value,1833.7565
user_0369,2026-01-01 01:27:06,2026-03-31 23:12:17.085249,90,42,19.5,23.75,3,19,0.7467,True,news,18,BR,ios,viral,high_value,24.4967
user_0134,2026-01-01 01:48:14,2026-02-11 22:10:55.000000,42,19,19.6,11.47,1,5,0.2581,True,news,4,JP,ios,viral,high_value,11.7281
user_0302,2026-01-01 02:16:43,2026-03-31 20:41:14.383343,90,34,17.5,0.0,0,16,0.7042,True,video,7,US,android,organic,high_value,0.7042
user_0415,2026-01-01 02:44:37,2026-01-01 21:54:42.000000,1,1,20.3,0.0,0,1,0.0109,False,puzzle,1,US,ios,referral,new_user,0.0109
user_0255,2026-01-01 02:51:01,2026-03-29 18:10:01.000000,88,35,11.5,2.78,1,141,5.9914,False,social,3,US,ios,paid_search,casual,8.7714
user_0180,2026-01-01 03:39:50,2026-01-28 20:21:28.000000,28,18,21.8,0.0,0,0,0.0,False,puzzle,8,DE,android,paid_social,at_risk,0.0
user_0463,2026-01-01 03:51:45,2026-01-01 11:56:29.000000,1,1,14.8,0.0,0,0,0.0,False,unknown,1,DE,ios,paid_search,new_user,0.0
user_0058,2026-01-01 03:58:55,2026-01-01 04:11:52.466402,1,1,12.9,0.0,0,0,0.0,False,unknown,1,UK,android,organic,new_user,0.0
user_0136,2026-01-01 04:03:44,2026-03-31 22:05:00.000000,90,31,19.4,13.1,2,24,1.0295,True,news,11,JP,ios,viral,high_value,14.1295
user_0408,2026-01-01 04:08:06,2026-01-01 22:48:24.000000,1,1,8.3,0.0,0,2,0.0633,False,action,1,US,ios,organic,new_user,0.0633
user_0158,2026-01-01 05:01:54,2026-03-30 13:50:04.000000,89,47,12.4,0.0,0,174,7.9615,True,video,3,JP,android,organic,high_value,7.9615
user_0272,2026-01-01 05:03:29,2026-03-31 18:27:43.093763,90,202,21.5,106.63,12,98,4.0365,True,action,73,JP,android,referral,whale,110.6665
user_0264,2026-01-01 05:32:34,2026-03-31 20:56:36.000000,90,43,19.9,17.09,2,19,0.8525,True,social,10,US,ios,referral,high_value,17.9425
user_0060,2026-01-01 05:33:19,2026-03-31 22:46:30.000000,90,55,12.9,3.09,1,230,10.6143,False,action,5,US,ios,organic,ad_heavy,13.7043
user_0329,2026-01-01 05:48:07,2026-01-01 18:31:10.000000,1,1,4.1,0.0,0,0,0.0,False,unknown,1,DE,ios,organic,new_user,0.0
user_0013,2026-01-01 06:00:47,2026-03-31 11:09:39.614881,90,83,15.6,176.23,9,16,0.737,True,action,21,JP,web,paid_search,high_value,176.967
user_0234,2026-01-01 06:03:31,2026-01-28 20:33:29.162663,28,29,21.1,34.98,3,15,0.6907,True,puzzle,14,IN,ios,paid_social,high_value,35.6707
user_0022,2026-01-01 06:05:34,2026-02-10 15:29:52.000000,41,20,19.5,13.37,2,6,0.2984,False,action,6,IN,android,viral,casual,13.6684
user_0292,2026-01-01 06:07:48,2026-02-01 21:34:55.973612,32,26,19.5,7.18,1,12,0.6134,True,puzzle,8,US,android,organic,high_value,7.7934
user_0300,2026-01-01 06:13:49,2026-03-31 23:12:42.378315,90,110,15.5,216.69,10,20,1.0775,True,puzzle,29,DE,android,referral,high_value,217.7675
user_0149,2026-01-01 06:15:08,2026-03-31 21:44:38.000000,90,185,21.2,90.11,10,76,3.4585,True,video,62,US,ios,paid_social,whale,93.5685
user_0011,2026-01-01 06:15:32,2026-02-12 17:51:59.000000,43,30,18.6,0.0,0,14,0.6708,False,social,10,US,android,paid_social,at_risk,0.6708
user_0490,2026-01-01 06:19:55,2026-03-31 20:42:45.000000,90,53,11.6,0.0,0,189,8.3504,True,action,6,JP,ios,referral,high_value,8.3504
user_0227,2026-01-01 06:21:09,2026-02-28 18:46:07.000000,59,17,18.6,7.98,1,9,0.4667,True,action,6,UK,android,referral,high_value,8.4467
user_0448,2026-01-01 06:21:23,2026-03-31 13:54:42.444811,90,183,22.3,92.26,11,70,3.087,True,social,68,US,ios,organic,whale,95.347
user_0323,2026-01-01 06:29:24,2026-03-02 21:22:40.000000,61,19,19.2,0.99,1,5,0.2276,True,action,6,US,android,organic,high_value,1.2176
user_0175,2026-01-01 06:33:26,2026-03-31 19:12:54.000000,90,204,22.9,63.0,7,84,3.7192,True,social,82,IN,web,referral,whale,66.7192
user_0061,2026-01-01 06:39:50,2026-02-19 00:16:21.231617,49,18,16.0,7.93,1,8,0.4345,False,social,4,DE,web,organic,casual,8.3645
user_0404,2026-01-01 06:45:24,2026-03-31 21:10:17.642628,90,33,21.4,13.01,2,24,1.1348,True,puzzle,14,UK,web,referral,high_value,14.1448
user_0002,2026-01-01 06:53:40,2026-03-31 17:48:17.050549,90,40,21.6,0.0,0,24,0.9544,True,social,12,IN,web,viral,high_value,0.9544
user_0182,2026-01-01 07:02:22,2026-02-14 22:42:55.000000,45,17,17.2,9.17,1,6,0.2263,True,video,5,IN,android,paid_search,high_value,9.3963
user_0167,2026-01-01 07:03:13,2026-04-01 00:06:40.984358,90,104,15.9,263.18,12,26,1.0066,True,video,17,IN,android,organic,high_value,264.1866
user_0101,2026-01-01 07:05:37,2026-03-30 21:56:28.000000,89,42,10.9,0.0,0,162,6.9393,False,social,3,US,ios,organic,casual,6.9393
user_0484,2026-01-01 07:07:22,2026-03-31 15:50:53.374030,90,184,22.2,61.42,9,83,3.6671,True,puzzle,78,UK,android,paid_social,whale,65.0871
user_0445,2026-01-01 07:10:27,2026-03-17 21:42:28.000000,76,37,11.9,0.0,0,134,6.5214,False,action,2,IN,android,paid_social,casual,6.5214
user_0189,2026-01-01 07:13:03,2026-01-01 09:46:59.000000,1,1,15.3,0.0,0,1,0.0638,False,unknown,1,JP,web,paid_search,new_user,0.0638
user_0197,2026-01-01 07:13:18,2026-02-06 20:23:02.000000,37,24,20.8,9.61,1,12,0.4491,True,puzzle,9,UK,android,referral,high_value,10.0591
user_0044,2026-01-01 07:14:00,2026-03-31 12:27:06.932238,90,98,15.4,336.34,13,29,1.2845,True,puzzle,23,JP,android,paid_social,high_value,337.6245
user_0020,2026-01-01 07:15:27,2026-03-29 22:28:40.000000,88,48,13.0,6.23,2,188,8.5391,False,social,5,IN,android,paid_social,at_risk,14.7691
user_0341,2026-01-01 07:23:39,2026-02-11 17:40:29.299233,42,15,17.7,0.0,0,12,0.5127,False,action,5,UK,ios,viral,casual,0.5127
user_0312,2026-01-01 07:24:34,2026-01-01 17:59:39.000000,1,1,9.1,0.0,0,4,0.1006,False,video,1,JP,android,organic,new_user,0.1006
user_0402,2026-01-01 07:26:46,2026-03-31 13:36:05.992510,90,96,15.6,196.98,9,18,0.8483,True,puzzle,21,IN,android,paid_social,high_value,197.8283
user_0229,2026-01-01 07:27:40,2026-01-01 10:05:35.000000,1,1,4.5,0.0,0,0,0.0,False,unknown,1,US,ios,organic,new_user,0.0
user_0286,2026-01-01 07:28:02,2026-03-17 20:47:18.000000,76,149,21.3,30.51,4,65,2.9712,True,video,63,BR,android,organic,highly_engaged,33.4812
user_0439,2026-01-01 07:28:19,2026-04-01 00:03:21.152376,90,137,18.9,1584.25,37,17,0.8064,True,puzzle,37,IN,android,paid_social,high_value,1585.0564
user_0062,2026-01-01 07:30:32,2026-03-31 19:52:48.000000,90,22,19.7,0.0,0,10,0.5526,True,puzzle,6,UK,ios,paid_social,high_value,0.5526
user_0246,2026-01-01 07:30:59,2026-03-31 19:29:40.007462,90,132,20.3,1666.75,38,12,0.5552,True,video,44,US,android,organic,high_value,1667.3052
user_0297,2026-01-01 07:31:48,2026-03-31 23:33:16.000000,90,112,17.0,483.65,19,28,1.2208,True,puzzle,21,BR,ios,paid_search,high_value,484.8708
user_0333,2026-01-01 07:34:56,2026-02-13 20:53:16.000000,44,17,20.5,9.38,2,8,0.3963,True,video,7,DE,ios,referral,high_value,9.7763
user_0202,2026-01-01 07:37:33,2026-03-29 19:23:00.000000,88,35,17.7,0.0,0,17,0.9129,True,social,6,IN,ios,paid_search,high_value,0.9129
user_0142,2026-01-01 07:45:45,2026-02-10 20:49:25.683066,41,18,19.7,4.02,1,12,0.4172,True,social,9,IN,android,referral,high_value,4.4372
user_0417,2026-01-01 07:45:50,2026-03-31 13:23:16.559634,90,91,15.2,217.17,8,21,0.9878,True,puzzle,20,IN,ios,referral,high_value,218.1578
user_0047,2026-01-01 07:52:36,2026-01-01 17:12:52.000000,1,1,8.6,0.0,0,0,0.0,False,unknown,1,IN,ios,organic,new_user,0.0
user_0410,2026-01-01 07:53:35,2026-03-31 22:30:08.000000,90,41,12.0,0.0,0,131,5.9531,True,video,2,DE,ios,referral,high_value,5.9531
user_0488,2026-01-01 07:56:08,2026-03-07 21:57:29.000000,66,26,20.3,0.0,0,14,0.605,False,news,8,IN,ios,referral,casual,0.605
user_0462,2026-01-01 07:57:09,2026-01-28 06:16:25.317617,27,20,21.0,12.06,2,17,0.6571,True,social,7,IN,android,organic,high_value,12.7171
user_0051,2026-01-01 08:00:24,2026-03-31 23:22:23.263006,90,193,22.4,75.2,9,65,3.1436,True,social,69,IN,ios,paid_social,whale,78.3436
user_0185,2026-01-01 08:01:36,2026-03-31 22:14:05.000000,90,60,12.1,0.0,0,224,9.8374,False,puzzle,3,BR,android,organic,ad_heavy,9.8374
user_0102,2026-01-01 08:03:39,2026-01-01 16:26:43.000000,1,1,2.0,0.0,0,1,0.0371,False,action,2,US,ios,viral,new_user,0.0371
user_0412,2026-01-01 08:04:48,2026-03-31 20:42:12.000000,90,192,21.1,115.83,13,65,2.9058,True,puzzle,84,BR,android,paid_social,whale,118.7358
user_0293,2026-01-01 08:06:33,2026-03-31 20:55:15.000000,90,199,21.8,87.17,11,79,3.6938,True,video,89,US,android,referral,whale,90.8638
user_0161,2026-01-01 08:08:38,2026-02-09 18:26:13.000000,40,23,21.4,7.61,1,12,0.6087,True,action,6,IN,ios,organic,high_value,8.2187
user_0072,2026-01-01 08:09:32,2026-02-10 20:07:11.361084,41,25,19.4,9.09,1,11,0.4921,True,social,5,BR,web,referral,high_value,9.5821
user_0198,2026-01-01 08:09:47,2026-01-01 20:29:33.473738,1,1,3.4,0.0,0,0,0.0,False,social,1,US,android,viral,new_user,0.0
user_0039,2026-01-01 08:10:05,2026-03-31 19:32:24.232385,90,58,11.5,0.0,0,225,10.1066,False,puzzle,4,US,ios,paid_search,ad_heavy,10.1066
user_0212,2026-01-01 08:10:12,2026-01-01 18:11:08.000000,1,1,9.3,0.0,0,3,0.1965,False,video,1,IN,ios,paid_search,new_user,0.1965
user_0104,2026-01-01 08:11:11,2026-03-14 21:59:00.727739,73,73,15.0,239.61,10,18,0.8805,True,action,17,BR,ios,organic,high_value,240.4905
user_0437,2026-01-01 08:11:54,2026-03-31 23:26:32.000000,90,34,18.9,0.0,0,12,0.4486,True,video,5,US,android,paid_search,high_value,0.4486
user_0451,2026-01-01 08:13:34,2026-03-29 21:25:19.000000,88,39,20.7,2.01,2,21,0.8869,True,social,9,US,ios,viral,high_value,2.8969
user_0464,2026-01-01 08:15:32,2026-02-13 17:28:33.000000,44,16,16.8,0.0,0,7,0.2379,True,video,4,US,ios,organic,high_value,0.2379
user_0155,2026-01-01 08:16:18,2026-03-31 23:24:29.435881,90,63,12.4,0.99,1,238,11.001,True,video,4,US,android,organic,high_value,11.991
user_0077,2026-01-01 08:17:29,2026-03-31 19:20:13.000000,90,41,12.4,0.0,0,150,6.8245,True,social,4,IN,ios,paid_social,high_value,6.8245
user_0150,2026-01-01 08:19:49,2026-03-17 19:08:33.124481,76,83,15.2,222.38,10,24,1.0597,True,puzzle,18,JP,ios,paid_social,high_value,223.4397
user_0164,2026-01-01 08:23:45,2026-03-31 13:42:47.023109,90,38,18.3,4.52,1,24,1.0274,True,puzzle,12,UK,ios,paid_search,high_value,5.5474
user_0307,2026-01-01 08:23:48,2026-03-31 23:22:25.000000,90,116,19.5,1173.77,22,7,0.4051,True,puzzle,33,UK,web,organic,high_value,1174.1751
user_0037,2026-01-01 08:25:03,2026-02-15 19:52:44.000000,46,20,18.2,9.73,1,13,0.4922,True,video,3,JP,android,viral,high_value,10.2222
user_0027,2026-01-01 08:25:37,2026-03-31 16:59:19.535834,90,177,21.8,74.35,10,73,3.3345,True,social,72,UK,ios,paid_social,highly_engaged,77.6845
user_0177,2026-01-01 08:29:40,2026-02-01 22:52:22.338271,32,15,19.0,19.01,2,6,0.2788,True,news,2,IN,ios,viral,high_value,19.2888
user_0152,2026-01-01 08:31:21,2026-01-01 17:08:46.000000,1,1,7.4,0.0,0,2,0.125,False,puzzle,1,BR,ios,organic,new_user,0.125
user_0116,2026-01-01 08:32:28,2026-03-30 23:04:31.102155,89,46,11.3,1.97,1,180,8.7392,False,puzzle,4,BR,android,referral,at_risk,10.7092
user_0276,2026-01-01 08:32:56,2026-01-01 21:02:33.000000,1,1,14.4,0.0,0,1,0.0442,False,puzzle,1,IN,android,organic,new_user,0.0442
user_0259,2026-01-01 08:33:00,2026-02-15 15:35:56.000000,46,18,16.0,19.08,2,10,0.4179,False,news,4,BR,ios,paid_search,casual,19.4979
user_0045,2026-01-01 08:35:57,2026-03-31 23:16:31.000000,90,103,16.0,281.96,10,19,1.0001,True,social,26,IN,web,referral,high_value,282.9601
user_0082,2026-01-01 08:36:22,2026-03-31 20:25:15.553063,90,100,15.5,313.62,10,24,0.9956,True,action,13,IN,android,organic,high_value,314.6156
user_0444,2026-01-01 08:36:52,2026-01-01 08:57:27.000000,1,1,12.2,0.0,0,1,0.0209,False,social,1,IN,android,paid_social,new_user,0.0209
user_0280,2026-01-01 08:36:57,2026-03-31 20:34:28.000000,90,182,22.6,132.88,17,61,2.7347,True,social,68,US,android,referral,whale,135.6147
user_0304,2026-01-01 08:38:37,2026-03-31 20:34:05.000000,90,33,17.3,22.69,3,22,1.0211,True,news,10,US,android,organic,high_value,23.7111
user_0301,2026-01-01 08:40:00,2026-01-01 15:50:19.000000,1,1,7.0,0.0,0,0,0.0,False,news,1,JP,android,referral,new_user,0.0
user_0467,2026-01-01 08:40:16,2026-02-12 17:14:14.133038,43,24,18.8,30.2,4,9,0.3794,True,video,9,US,android,paid_social,high_value,30.5794
user_0192,2026-01-01 08:41:06,2026-01-01 20:03:39.000000,1,1,14.9,0.0,0,0,0.0,False,unknown,1,US,ios,paid_social,new_user,0.0
user_0190,2026-01-01 08:43:16,2026-02-03 18:05:33.538704,34,23,20.1,8.0,2,18,0.7381,True,puzzle,10,BR,ios,organic,high_value,8.7381
user_0453,2026-01-01 08:44:05,2026-01-01 23:15:56.000000,1,1,5.4,0.0,0,0,0.0,False,unknown,1,DE,ios,referral,new_user,0.0
user_0319,2026-01-01 08:44:43,2026-02-05 16:23:17.064615,36,22,17.8,0.0,0,7,0.3515,False,social,9,BR,android,paid_search,at_risk,0.3515
user_0338,2026-01-01 08:46:58,2026-03-31 23:32:11.000000,90,160,23.7,71.46,9,77,3.4985,True,puzzle,62,BR,android,viral,high_value,74.9585
user_0115,2026-01-01 08:49:34,2026-01-28 20:02:10.705009,28,18,19.8,0.0,0,11,0.6423,False,news,10,US,android,paid_social,at_risk,0.6423
user_0108,2026-01-01 08:54:29,2026-03-31 18:56:29.000000,90,190,22.4,72.02,10,74,3.1892,True,puzzle,70,US,ios,referral,whale,75.2092
user_0230,2026-01-01 08:55:27,2026-01-01 12:46:22.000000,1,1,11.7,0.0,0,0,0.0,False,news,1,JP,ios,organic,new_user,0.0
user_0100,2026-01-01 08:58:23,2026-02-07 14:12:07.000000,38,21,16.7,0.0,0,14,0.5014,False,news,7,US,android,viral,at_risk,0.5014
user_0320,2026-01-01 08:59:25,2026-02-13 19:53:08.255159,44,21,19.6,3.83,1,12,0.5827,True,video,8,US,android,paid_social,high_value,4.4127
user_0374,2026-01-01 09:00:08,2026-01-01 12:41:40.000000,1,1,7.2,0.0,0,0,0.0,False,unknown,1,UK,ios,referral,new_user,0.0
user_0392,2026-01-01 09:02:48,2026-02-15 22:12:27.222095,46,18,14.7,3.51,1,6,0.3085,False,puzzle,3,BR,web,paid_social,casual,3.8185
user_0171,2026-01-01 09:03:10,2026-02-09 22:43:23.593486,40,19,18.3,0.0,0,9,0.3506,False,social,6,JP,android,paid_social,casual,0.3506
user_0233,2026-01-01 09:04:09,2026-02-15 18:41:24.000000,46,14,16.2,4.56,1,11,0.3995,True,action,7,BR,ios,organic,high_value,4.9595
user_0335,2026-01-01 09:04:40,2026-03-30 19:17:13.000000,89,120,20.9,1164.78,30,16,0.6701,True,action,45,DE,android,paid_search,high_value,1165.4501
user_0135,2026-01-01 09:05:42,2026-03-31 23:17:26.000000,90,206,22.5,85.15,12,78,3.2683,True,action,83,BR,ios,paid_search,whale,88.4183
user_0244,2026-01-01 09:06:06,2026-03-31 20:10:19.953539,90,133,19.6,1280.46,27,14,0.5249,False,news,44,US,ios,paid_social,high_value,1280.9849
user_0131,2026-01-01 09:06:37,2026-03-31 21:32:04.000000,90,39,21.0,7.24,1,19,1.025,True,action,13,UK,ios,organic,high_value,8.265
user_0145,2026-01-01 09:07:27,2026-01-01 19:21:53.000000,1,1,9.5,0.0,0,0,0.0,False,unknown,1,BR,ios,paid_social,new_user,0.0
user_0225,2026-01-01 09:07:44,2026-02-10 21:30:39.000000,41,24,17.8,7.69,1,10,0.5052,True,video,10,UK,ios,referral,high_value,8.1952
user_0350,2026-01-01 09:09:43,2026-03-31 18:41:59.000000,90,137,20.3,1959.32,40,10,0.3476,True,action,55,UK,android,paid_search,high_value,1959.6676
user_0347,2026-01-01 09:10:47,2026-01-01 12:36:47.000000,1,1,5.6,0.0,0,0,0.0,False,puzzle,1,IN,ios,referral,new_user,0.0
user_0114,2026-01-01 09:11:08,2026-01-01 21:38:21.000000,1,1,2.6,0.0,0,1,0.0249,False,puzzle,1,US,android,organic,new_user,0.0249
user_0478,2026-01-01 09:11:51,2026-03-31 22:36:08.000000,90,140,20.1,1248.81,29,12,0.4618,False,puzzle,49,JP,android,referral,high_value,1249.2718
user_0144,2026-01-01 09:12:23,2026-03-31 19:07:48.000000,90,38,18.5,19.34,3,24,1.0226,False,puzzle,11,US,ios,paid_social,casual,20.3626
user_0390,2026-01-01 09:13:30,2026-03-31 21:13:09.836132,90,151,20.0,1475.5,38,17,0.7284,True,social,52,US,android,paid_social,high_value,1476.2284
user_0360,2026-01-01 09:14:36,2026-02-08 21:09:25.377976,39,22,20.8,9.99,1,8,0.2461,True,puzzle,6,BR,ios,organic,high_value,10.2361
user_0381,2026-01-01 09:14:49,2026-01-30 22:49:49.107688,30,22,20.8,4.71,1,21,0.8997,False,action,5,US,android,paid_social,at_risk,5.6097
user_0124,2026-01-01 09:15:15,2026-03-31 23:59:00.000000,90,177,22.4,76.94,9,80,3.7499,True,puzzle,67,IN,ios,paid_search,highly_engaged,80.6899
user_0254,2026-01-01 09:16:49,2026-01-01 23:48:04.000000,1,1,12.3,0.0,0,0,0.0,False,social,1,DE,ios,paid_social,new_user,0.0
user_0000,2026-01-01 09:17:02,2026-03-31 21:11:29.000000,90,87,16.1,237.7,9,27,1.3831,True,social,17,IN,web,viral,high_value,239.0831
user_0419,2026-01-01 09:17:05,2026-02-24 19:51:31.000000,55,24,20.6,8.88,1,7,0.3272,False,news,5,US,android,paid_social,casual,9.2072
user_0095,2026-01-01 09:17:35,2026-03-16 21:39:28.000000,75,118,19.6,1550.05,34,11,0.5451,True,puzzle,31,US,android,organic,high_value,1550.5951
user_0237,2026-01-01 09:18:01,2026-03-29 23:47:43.000000,88,87,15.3,258.29,10,18,0.8738,False,action,27,UK,ios,organic,high_value,259.1638
user_0121,2026-01-01 09:19:00,2026-03-31 21:32:51.000000,90,142,19.4,1669.26,36,22,0.9408,True,video,38,DE,android,paid_social,high_value,1670.2008
user_0345,2026-01-01 09:19:14,2026-03-31 16:20:15.000000,90,95,16.0,416.93,16,23,1.0721,True,puzzle,27,US,android,viral,high_value,418.0021
user_0356,2026-01-01 09:20:55,2026-03-16 23:40:51.125079,75,42,13.1,0.0,0,146,6.935,True,puzzle,2,UK,ios,organic,high_value,6.935
user_0269,2026-01-01 09:24:09,2026-03-31 23:56:10.000000,90,184,22.4,135.48,14,55,2.4104,True,social,63,UK,android,organic,whale,137.8904
user_0099,2026-01-01 09:25:05,2026-02-09 18:22:37.657349,40,25,18.0,21.15,2,15,0.7058,False,puzzle,8,US,android,paid_search,at_risk,21.8558
user_0363,2026-01-01 09:26:27,2026-03-31 22:57:50.000000,90,174,21.4,153.94,15,68,2.8711,True,puzzle,61,BR,android,paid_social,highly_engaged,156.8111
user_0279,2026-01-01 09:28:17,2026-03-31 13:25:07.382849,90,36,20.3,2.9,1,20,0.9103,True,social,10,US,android,paid_social,high_value,3.8103
user_0359,2026-01-01 09:28:19,2026-02-28 22:18:02.000000,59,15,19.8,0.0,0,9,0.3814,True,social,4,UK,web,paid_social,high_value,0.3814
user_0218,2026-01-01 09:28:22,2026-02-12 19:54:32.037919,43,19,19.1,0.0,0,3,0.1715,True,video,9,BR,android,paid_social,high_value,0.1715
user_0112,2026-01-01 09:32:04,2026-01-01 19:21:31.454823,1,1,12.3,0.0,0,2,0.1438,False,action,1,DE,ios,viral,new_user,0.1438
user_0376,2026-01-01 09:32:34,2026-03-31 09:56:17.287535,90,40,19.7,6.47,1,17,0.785,True,puzzle,11,IN,android,paid_search,high_value,7.255
user_0290,2026-01-01 09:35:12,2026-03-30 20:50:00.000000,89,104,16.0,211.25,10,25,0.9465,True,puzzle,22,JP,android,organic,high_value,212.1965
user_0085,2026-01-01 09:38:36,2026-03-30 19:46:34.000000,89,164,21.5,125.8,14,68,3.0574,True,action,60,US,ios,viral,highly_engaged,128.8574
user_0141,2026-01-01 09:38:59,2026-03-31 18:50:24.000000,90,38,20.0,0.0,0,19,0.9805,True,video,8,DE,ios,organic,high_value,0.9805
user_0414,2026-01-01 09:39:04,2026-03-31 21:56:22.443301,90,183,22.9,69.17,9,78,3.6247,True,puzzle,69,IN,android,organic,whale,72.7947
user_0222,2026-01-01 09:39:46,2026-03-29 10:54:59.512962,88,58,11.7,3.38,1,197,8.7413,True,social,4,DE,ios,viral,high_value,12.1213
user_0386,2026-01-01 09:39:50,2026-03-16 21:46:50.000000,75,44,12.1,0.0,0,142,6.5528,False,action,2,BR,android,paid_search,at_risk,6.5528
user_0129,2026-01-01 09:41:34,2026-03-13 14:16:14.000000,72,16,17.8,0.0,0,8,0.3617,True,video,4,UK,android,organic,high_value,0.3617
user_0103,2026-01-01 09:42:20,2026-02-10 11:20:43.732320,41,27,18.6,35.35,5,15,0.5439,True,puzzle,8,IN,web,paid_search,high_value,35.8939
user_0201,2026-01-01 09:42:51,2026-02-04 15:45:49.000000,35,28,19.1,18.42,2,10,0.4209,False,puzzle,9,UK,android,paid_search,at_risk,18.8409
user_0266,2026-01-01 09:43:02,2026-01-01 21:31:56.000000,1,1,12.4,0.0,0,0,0.0,False,unknown,1,UK,ios,paid_search,new_user,0.0
user_0028,2026-01-01 09:44:32,2026-01-01 18:17:39.695866,1,1,19.1,0.0,0,0,0.0,False,action,1,BR,ios,paid_search,new_user,0.0
user_0111,2026-01-01 09:45:00,2026-01-01 18:42:37.000000,1,1,8.4,0.0,0,1,0.0799,False,video,1,US,android,organic,new_user,0.0799
user_0491,2026-01-01 09:50:43,2026-03-31 21:18:57.000000,90,139,20.1,1493.05,31,14,0.6211,True,action,50,JP,web,organic,high_value,1493.6711
user_0220,2026-01-01 09:52:56,2026-01-01 17:44:31.000000,1,1,9.4,0.0,0,0,0.0,False,news,1,IN,ios,paid_social,new_user,0.0
user_0433,2026-01-01 09:55:09,2026-03-31 21:07:09.166921,90,105,15.4,442.27,17,20,0.9174,True,puzzle,25,JP,android,referral,high_value,443.1874
user_0017,2026-01-01 09:56:08,2026-03-31 19:47:24.000000,90,188,21.8,75.47,11,78,3.5661,True,news,68,UK,ios,organic,whale,79.0361
user_0251,2026-01-01 09:57:04,2026-02-23 19:38:12.000000,54,24,19.3,5.34,1,9,0.3855,True,action,5,IN,android,organic,high_value,5.7255
user_0050,2026-01-01 09:58:07,2026-01-01 14:07:58.000000,1,1,8.3,0.0,0,0,0.0,False,unknown,1,DE,android,paid_search,new_user,0.0
user_0076,2026-01-01 09:58:30,2026-01-01 18:20:26.000000,1,1,11.3,0.0,0,1,0.0221,False,unknown,1,US,web,organic,new_user,0.0221
user_0260,2026-01-01 09:59:47,2026-01-01 21:41:32.000000,1,1,11.0,0.0,0,3,0.0995,False,unknown,1,US,ios,paid_search,new_user,0.0995
user_0273,2026-01-01 10:00:52,2026-03-13 20:50:55.465873,72,22,17.9,0.0,0,7,0.421,True,puzzle,5,US,android,referral,high_value,0.421
user_0362,2026-01-01 10:03:30,2026-01-01 19:23:14.497109,1,1,10.5,0.0,0,1,0.0784,False,unknown,1,BR,android,paid_social,new_user,0.0784
user_0049,2026-01-01 10:03:32,2026-01-01 20:17:30.000000,1,1,12.5,0.0,0,2,0.128,False,action,2,US,web,paid_search,new_user,0.128
user_0315,2026-01-01 10:05:37,2026-01-01 20:37:23.000000,1,1,19.1,0.0,0,0,0.0,False,action,1,US,ios,organic,new_user,0.0
user_0256,2026-01-01 10:07:47,2026-03-31 15:52:59.000000,90,73,15.9,275.5,13,17,0.7241,True,social,20,JP,ios,organic,high_value,276.2241
user_0405,2026-01-01 10:08:18,2026-02-11 21:39:33.000000,42,23,20.5,7.34,1,14,0.552,False,video,7,JP,ios,viral,at_risk,7.892
user_0368,2026-01-01 10:08:48,2026-01-01 22:06:15.526336,1,1,22.6,0.0,0,0,0.0,False,unknown,1,UK,android,paid_search,new_user,0.0
user_0074,2026-01-01 10:10:23,2026-03-17 17:41:55.000000,76,156,21.8,94.75,11,62,2.7014,True,video,63,IN,android,referral,whale,97.4514
user_0267,2026-01-01 10:11:30,2026-01-01 12:04:25.972569,1,1,9.8,0.0,0,0,0.0,False,news,1,DE,ios,paid_social,new_user,0.0
user_0052,2026-01-01 10:12:03,2026-03-17 19:49:03.076585,76,77,16.3,219.19,8,21,0.9732,True,video,17,BR,ios,organic,high_value,220.1632
user_0064,2026-01-01 10:12:49,2026-03-17 18:00:14.042801,76,103,21.4,1271.25,27,6,0.2333,True,action,39,IN,web,organic,high_value,1271.4833
user_0436,2026-01-01 10:12:56,2026-01-01 21:27:11.604454,1,1,12.5,0.0,0,4,0.18,False,unknown,1,US,ios,paid_search,new_user,0.18
user_0089,2026-01-01 10:13:41,2026-03-12 20:19:03.000000,71,20,16.0,5.55,1,6,0.2393,True,social,7,UK,android,paid_social,high_value,5.7893
user_0122,2026-01-01 10:13:43,2026-03-17 20:09:11.000000,76,142,22.3,114.97,13,85,3.63,True,puzzle,55,US,android,organic,highly_engaged,118.6
user_0228,2026-01-01 10:14:51,2026-03-31 21:31:45.000000,90,155,19.9,1573.14,35,11,0.4676,True,action,49,BR,android,organic,high_value,1573.6076
user_0181,2026-01-01 10:15:28,2026-01-27 16:38:41.231234,27,20,20.4,0.0,0,7,0.3191,True,news,10,JP,android,paid_social,high_value,0.3191
user_0007,2026-01-01 10:16:05,2026-03-31 22:03:16.000000,90,85,16.9,358.72,13,22,0.9085,True,social,13,IN,android,organic,high_value,359.6285
user_0188,2026-01-01 10:20:18,2026-03-31 22:38:03.000000,90,41,11.1,0.0,0,150,6.8762,True,action,9,US,android,paid_social,high_value,6.8762
user_0160,2026-01-01 10:24:24,2026-01-01 20:54:53.000000,1,1,10.8,0.0,0,0,0.0,False,social,1,DE,ios,paid_search,new_user,0.0
user_0441,2026-01-01 10:26:51,2026-01-01 21:56:47.000000,1,1,11.7,0.0,0,2,0.0713,False,unknown,1,UK,ios,paid_social,new_user,0.0713
user_0066,2026-01-01 10:27:44,2026-02-14 22:11:25.000000,45,17,15.5,0.0,0,7,0.2828,True,social,3,BR,android,organic,high_value,0.2828
user_0008,2026-01-01 10:27:50,2026-01-01 14:14:57.000000,1,1,13.3,0.0,0,0,0.0,False,unknown,1,IN,ios,referral,new_user,0.0
user_0289,2026-01-01 10:28:51,2026-01-01 22:08:58.000000,1,1,1.4,0.0,0,0,0.0,False,action,1,US,android,viral,new_user,0.0
user_0270,2026-01-01 10:30:26,2026-03-31 16:04:50.477480,90,187,21.6,96.87,14,73,3.2926,True,social,63,US,android,paid_social,whale,100.1626
user_0380,2026-01-01 10:30:50,2026-02-13 14:50:03.096062,44,20,16.5,0.0,0,12,0.5174,True,puzzle,5,BR,android,paid_social,high_value,0.5174
user_0262,2026-01-01 10:32:09,2026-01-01 13:02:03.083709,1,1,14.1,0.0,0,0,0.0,False,puzzle,1,DE,web,organic,new_user,0.0
user_0257,2026-01-01 10:34:41,2026-01-01 22:08:25.455127,1,1,9.6,5.18,1,1,0.0112,False,puzzle,1,BR,ios,paid_social,new_user,5.1912
user_0296,2026-01-01 10:35:22,2026-03-31 10:15:59.389028,89,44,20.3,2.88,1,26,1.1135,True,action,13,IN,android,paid_social,high_value,3.9935
user_0018,2026-01-01 10:41:05,2026-03-16 08:41:59.634931,74,66,16.3,182.59,7,22,0.8545,True,action,13,JP,android,paid_social,high_value,183.4445
user_0420,2026-01-01 10:47:47,2026-03-31 21:23:13.547040,90,51,11.4,0.0,0,160,7.5028,True,puzzle,1,IN,android,paid_social,high_value,7.5028
user_0349,2026-01-01 10:48:15,2026-03-31 23:07:48.745254,90,180,23.6,78.61,10,80,3.8368,True,puzzle,65,DE,android,referral,highly_engaged,82.4468
user_0084,2026-01-01 10:51:43,2026-03-31 22:53:18.639069,90,177,21.9,76.25,10,76,3.5067,True,social,75,BR,ios,paid_search,highly_engaged,79.7567
user_0187,2026-01-01 10:53:04,2026-03-31 21:41:25.552528,90,191,21.7,93.27,13,81,3.7449,True,social,77,US,android,organic,whale,97.0149
user_0351,2026-01-01 10:53:05,2026-01-01 21:02:27.000000,1,1,10.1,0.0,0,4,0.241,False,unknown,1,BR,ios,paid_search,new_user,0.241
user_0250,2026-01-01 10:55:27,2026-03-28 15:11:34.055537,87,47,11.3,0.0,0,163,7.7984,False,puzzle,6,IN,android,organic,at_risk,7.7984
user_0387,2026-01-01 10:56:54,2026-02-07 22:37:40.000000,38,32,18.7,40.16,8,21,0.9342,True,action,11,US,android,viral,high_value,41.0942
user_0261,2026-01-01 10:57:47,2026-04-01 00:08:45.526228,90,100,16.1,262.98,12,35,1.5633,True,news,20,UK,android,organic,high_value,264.5433
user_0318,2026-01-01 11:04:07,2026-01-01 21:45:37.000000,1,1,13.8,0.0,0,0,0.0,False,news,1,US,ios,viral,new_user,0.0
user_0474,2026-01-01 11:05:19,2026-01-01 20:14:08.794474,1,1,9.3,0.0,0,1,0.0699,False,puzzle,1,US,ios,paid_search,new_user,0.0699
user_0169,2026-01-01 11:05:52,2026-02-13 21:59:03.000000,44,26,21.2,0.0,0,16,0.7922,True,social,11,US,ios,viral,high_value,0.7922
user_0385,2026-01-01 11:12:20,2026-02-11 19:57:34.000000,42,23,17.9,3.35,1,23,0.9475,True,social,8,DE,ios,referral,high_value,4.2975
user_0459,2026-01-01 11:12:45,2026-03-17 23:38:51.000000,76,115,20.3,1146.13,25,9,0.3158,True,puzzle,39,US,ios,organic,high_value,1146.4458
user_0125,2026-01-01 11:13:14,2026-03-30 21:38:21.000000,89,37,17.7,12.94,2,10,0.4015,True,puzzle,9,US,ios,organic,high_value,13.3415
user_0119,2026-01-01 11:15:05,2026-03-31 21:53:46.000000,90,145,20.3,1266.86,27,22,1.0269,True,news,40,US,web,paid_social,high_value,1267.8869
user_0036,2026-01-01 11:18:24,2026-01-01 18:17:00.000000,1,1,14.4,0.0,0,2,0.0873,False,puzzle,1,US,android,paid_search,new_user,0.0873
user_0156,2026-01-01 11:19:59,2026-01-01 11:37:30.289417,1,1,17.4,0.0,0,0,0.0,False,unknown,1,JP,android,paid_social,new_user,0.0
user_0211,2026-01-01 11:25:52,2026-03-31 22:52:41.000000,90,24,17.9,7.88,1,5,0.2184,True,puzzle,6,DE,ios,organic,high_value,8.0984
user_0477,2026-01-01 11:27:38,2026-03-17 22:42:18.000000,76,109,19.5,1026.36,25,13,0.6139,True,puzzle,30,DE,android,referral,high_value,1026.9739
user_0493,2026-01-01 11:30:22,2026-01-01 11:51:51.637651,1,1,21.4,0.0,0,1,0.0208,False,news,1,BR,android,paid_social,new_user,0.0208
user_0163,2026-01-01 11:31:03,2026-03-31 23:28:12.091669,90,205,22.2,135.75,16,94,4.4343,True,action,90,UK,ios,paid_social,whale,140.1843
user_0440,2026-01-01 11:33:44,2026-03-31 21:48:07.000000,90,35,21.4,0.0,0,7,0.2155,True,video,8,US,ios,paid_search,high_value,0.2155
user_0153,2026-01-01 11:35:57,2026-03-01 20:48:25.012414,60,19,22.2,5.95,1,10,0.4603,False,puzzle,8,BR,android,referral,casual,6.4103
user_0352,2026-01-01 11:36:27,2026-02-12 23:03:28.910650,43,16,19.5,8.65,1,7,0.3608,True,social,3,US,android,viral,high_value,9.0108
user_0450,2026-01-01 11:36:58,2026-03-31 12:05:08.495791,90,177,21.9,79.2,10,78,3.7627,True,video,70,IN,android,referral,highly_engaged,82.9627
user_0282,2026-01-01 11:38:36,2026-01-01 19:58:59.198702,1,1,4.8,0.0,0,1,0.0386,False,puzzle,2,US,ios,paid_social,new_user,0.0386
user_0308,2026-01-01 11:38:56,2026-01-01 13:55:19.497545,1,1,10.3,0.0,0,0,0.0,False,social,1,DE,android,organic,new_user,0.0
user_0117,2026-01-01 11:40:54,2026-03-17 20:36:26.555304,76,41,12.7,3.11,1,150,6.7704,False,social,7,IN,ios,paid_social,at_risk,9.8804
user_0221,2026-01-01 11:43:05,2026-03-07 21:46:53.000000,66,16,19.6,0.0,0,9,0.2805,False,video,5,UK,web,paid_social,casual,0.2805
user_0073,2026-01-01 11:46:24,2026-01-01 11:55:40.000000,1,1,1.2,0.0,0,0,0.0,False,social,1,DE,ios,paid_search,new_user,0.0
user_0130,2026-01-01 11:48:17,2026-01-01 16:04:32.000000,1,1,11.2,0.0,0,1,0.0159,False,puzzle,1,DE,ios,organic,new_user,0.0159
user_0120,2026-01-01 11:48:56,2026-02-15 21:06:18.000000,46,20,16.8,0.0,0,10,0.3857,False,news,8,US,android,paid_social,casual,0.3857
user_0199,2026-01-01 11:49:36,2026-01-01 22:03:11.000000,1,1,10.5,0.0,0,1,0.0487,False,unknown,2,US,android,paid_social,new_user,0.0487
user_0409,2026-01-01 11:51:42,2026-03-31 21:47:28.000000,90,33,22.0,8.94,1,17,0.7634,True,social,16,UK,ios,organic,high_value,9.7034
user_0238,2026-01-01 11:54:44,2026-03-31 21:30:52.234937,90,201,21.3,113.98,15,73,3.2632,True,puzzle,82,BR,android,organic,whale,117.2432
user_0258,2026-01-01 11:54:56,2026-03-31 22:17:09.078208,90,195,22.4,44.92,7,67,2.8994,True,news,70,BR,android,organic,highly_engaged,47.8194
user_0494,2026-01-01 11:56:00,2026-03-31 22:06:19.000000,90,88,16.5,272.52,15,19,0.7345,True,news,25,BR,android,viral,high_value,273.2545
user_0424,2026-01-01 11:58:13,2026-03-31 11:58:34.000000,90,116,19.5,1144.59,25,14,0.5492,True,action,38,US,android,paid_social,high_value,1145.1392
user_0454,2026-01-01 11:58:42,2026-03-31 21:56:57.000000,90,178,21.0,77.37,10,64,2.8334,True,action,63,IN,ios,paid_search,highly_engaged,80.2034
user_0434,2026-01-01 11:58:54,2026-03-31 21:45:40.000000,90,195,20.8,76.22,12,81,3.6798,True,news,86,US,web,organic,whale,79.8998
user_0278,2026-01-01 11:59:27,2026-01-28 21:15:16.000000,28,19,21.2,0.0,0,6,0.2302,True,social,7,US,android,organic,high_value,0.2302
user_0224,2026-01-01 12:00:54,2026-01-01 18:38:27.000000,1,1,1.9,0.0,0,0,0.0,False,unknown,1,US,ios,organic,new_user,0.0
user_0283,2026-01-01 12:06:50,2026-01-01 23:41:16.000000,1,1,4.4,0.0,0,0,0.0,True,unknown,1,UK,android,organic,high_value,0.0
user_0031,2026-01-01 12:08:43,2026-02-10 22:44:18.719850,41,16,19.9,0.0,0,7,0.4205,False,action,3,IN,ios,paid_search,casual,0.4205
user_0166,2026-01-01 12:09:00,2026-03-16 21:48:45.000000,75,79,15.6,151.41,7,14,0.7303,True,social,21,US,android,organic,high_value,152.1403
user_0309,2026-01-01 12:14:42,2026-01-01 21:55:26.000000,1,1,9.2,0.0,0,4,0.1131,False,action,2,IN,ios,referral,new_user,0.1131
user_0447,2026-01-01 12:21:52,2026-03-30 23:10:29.000000,89,121,19.5,1514.66,37,9,0.4669,True,puzzle,48,BR,ios,organic,high_value,1515.1269
user_0486,2026-01-01 12:22:11,2026-02-08 20:22:10.424374,39,18,17.3,12.53,2,8,0.3763,True,social,4,US,ios,paid_social,high_value,12.9063
user_0449,2026-01-01 12:28:30,2026-03-17 19:06:59.000000,76,109,20.5,1041.24,27,14,0.5393,True,news,33,UK,ios,referral,high_value,1041.7793
user_0413,2026-01-01 12:29:39,2026-03-31 21:25:14.755769,90,31,19.4,13.89,2,17,0.8767,True,video,13,IN,ios,paid_search,high_value,14.7667
user_0078,2026-01-01 12:31:17,2026-03-28 22:30:57.000000,87,23,18.7,7.68,2,13,0.711,True,social,4,DE,web,organic,high_value,8.391
user_0394,2026-01-01 12:31:41,2026-03-31 20:34:37.402653,90,190,21.5,115.88,13,71,2.9979,True,puzzle,72,DE,web,paid_search,whale,118.8779
user_0288,2026-01-01 12:31:41,2026-03-08 22:20:56.000000,67,22,17.7,15.96,2,12,0.3934,True,action,8,US,android,paid_search,high_value,16.3534
user_0204,2026-01-01 12:37:00,2026-04-01 00:06:57.062710,90,200,22.2,123.49,16,94,4.0078,True,puzzle,77,JP,android,referral,whale,127.4978
user_0389,2026-01-01 12:42:01,2026-03-31 23:34:04.686448,90,37,19.2,39.64,5,20,0.9965,True,puzzle,15,US,android,paid_social,high_value,40.6365
user_0253,2026-01-01 12:43:47,2026-01-01 21:24:13.000000,1,1,8.7,0.0,0,1,0.0232,False,action,1,BR,ios,paid_social,new_user,0.0232
user_0497,2026-01-01 12:44:25,2026-03-17 23:52:06.000000,76,113,20.7,1065.65,22,11,0.5207,True,video,34,BR,android,organic,high_value,1066.1707
user_0326,2026-01-01 12:47:19,2026-03-31 20:20:25.626201,90,90,16.7,325.73,12,19,0.9741,True,social,20,US,ios,organic,high_value,326.7041
user_0147,2026-01-01 12:47:39,2026-02-12 22:02:07.418468,43,15,16.2,0.0,0,5,0.2827,True,puzzle,4,US,ios,organic,high_value,0.2827
user_0370,2026-01-01 12:52:53,2026-03-31 22:19:57.446064,90,60,11.5,0.0,0,237,10.6948,False,social,6,JP,ios,organic,ad_heavy,10.6948
user_0277,2026-01-01 12:54:18,2026-03-31 20:38:33.421975,90,34,18.8,11.33,1,21,1.0078,False,puzzle,4,US,ios,paid_search,casual,12.3378
user_0294,2026-01-01 12:55:24,2026-03-31 19:48:12.000000,90,96,16.4,459.4,19,14,0.6183,True,action,22,US,android,referral,high_value,460.0183
user_0303,2026-01-01 12:56:17,2026-03-04 18:57:29.000000,63,26,19.3,11.5,2,13,0.5565,True,puzzle,5,UK,web,paid_search,high_value,12.0565
user_0327,2026-01-01 12:56:54,2026-02-14 15:48:45.000000,45,17,22.7,10.23,2,8,0.3767,True,social,4,UK,android,paid_search,high_value,10.6067
user_0382,2026-01-01 12:57:24,2026-03-17 21:20:11.000000,76,78,15.7,177.23,8,15,0.5616,True,action,17,US,web,organic,high_value,177.7916
user_0128,2026-01-01 12:57:35,2026-01-01 22:55:16.000000,1,1,16.0,6.08,1,0,0.0,False,puzzle,2,US,ios,paid_search,new_user,6.08
user_0035,2026-01-01 12:58:47,2026-01-01 23:08:27.000000,1,1,8.0,0.0,0,4,0.1326,False,unknown,1,IN,ios,paid_social,new_user,0.1326
user_0184,2026-01-01 12:59:59,2026-03-31 21:03:30.000000,90,92,17.2,441.45,17,22,0.992,True,social,18,BR,ios,organic,high_value,442.442
user_0469,2026-01-01 13:00:10,2026-02-14 21:52:39.070241,45,18,15.6,0.0,0,10,0.4682,False,video,3,JP,ios,organic,casual,0.4682
user_0200,2026-01-01 13:03:08,2026-03-31 18:54:20.000000,90,97,15.4,351.47,11,24,1.0721,True,action,17,DE,web,paid_search,high_value,352.5421
user_0430,2026-01-01 13:10:13,2026-01-27 17:08:39.000000,27,17,23.5,0.0,0,6,0.2843,False,social,5,BR,android,paid_search,at_risk,0.2843
user_0299,2026-01-01 13:10:14,2026-03-31 19:57:30.000000,90,161,20.1,1976.76,43,15,0.6849,True,action,55,BR,web,referral,high_value,1977.4449
user_0358,2026-01-01 13:12:12,2026-02-15 23:25:55.000000,46,24,19.2,11.56,2,10,0.4746,False,video,8,US,web,paid_social,at_risk,12.0346
user_0423,2026-01-01 13:13:38,2026-03-31 23:07:30.000000,90,183,22.1,56.89,7,56,2.57,True,action,77,IN,android,organic,whale,59.46
user_0016,2026-01-01 13:17:15,2026-03-30 20:19:42.000000,89,26,18.2,0.0,0,13,0.6104,True,puzzle,6,US,web,paid_social,high_value,0.6104
user_0213,2026-01-01 13:17:34,2026-03-31 22:12:46.000000,90,84,16.0,137.86,10,30,1.3838,True,video,15,BR,web,viral,high_value,139.2438
user_0265,2026-01-01 13:19:04,2026-01-01 19:59:04.000000,1,1,11.3,0.0,0,0,0.0,False,unknown,1,DE,ios,viral,new_user,0.0
user_0353,2026-01-01 13:19:44,2026-03-31 16:54:30.000000,90,38,19.0,7.24,1,17,0.7968,True,puzzle,14,US,ios,viral,high_value,8.0368
user_0232,2026-01-01 13:21:42,2026-02-06 20:11:45.409677,37,24,18.1,0.0,0,12,0.4833,True,puzzle,6,IN,android,organic,high_value,0.4833
user_0097,2026-01-01 13:21:54,2026-03-31 18:15:44.000000,90,168,22.1,57.65,7,72,3.4044,True,video,63,IN,android,paid_search,highly_engaged,61.0544
user_0281,2026-01-01 13:24:12,2026-01-01 15:46:23.025718,1,1,13.2,0.0,0,0,0.0,False,unknown,1,BR,ios,organic,new_user,0.0
user_0407,2026-01-01 13:28:44,2026-03-31 13:27:33.165459,89,96,15.5,310.09,11,20,1.0204,True,action,21,US,ios,paid_search,high_value,311.1104
user_0140,2026-01-01 13:37:17,2026-03-31 15:54:44.000000,90,39,18.5,15.47,2,17,0.6312,True,puzzle,7,DE,android,organic,high_value,16.1012
user_0196,2026-01-01 13:38:19,2026-02-15 22:33:03.000000,46,18,17.0,8.93,1,5,0.1829,False,puzzle,5,US,web,organic,casual,9.1129
user_0321,2026-01-01 13:41:08,2026-02-17 19:23:13.000000,48,23,16.8,19.6,3,7,0.3133,True,action,6,BR,android,paid_social,high_value,19.9133
user_0495,2026-01-01 13:43:49,2026-03-06 19:24:48.805610,65,18,16.2,8.4,2,7,0.3241,False,social,4,BR,ios,paid_search,casual,8.7241
user_0137,2026-01-01 13:49:22,2026-02-11 15:31:08.591724,42,14,16.9,0.0,0,9,0.4617,True,video,2,US,android,referral,high_value,0.4617
user_0207,2026-01-01 13:53:03,2026-03-15 15:38:38.246909,74,42,13.0,0.0,0,146,6.5963,False,action,5,US,android,organic,at_risk,6.5963
user_0371,2026-01-01 13:54:03,2026-01-01 14:05:16.763860,1,1,11.2,0.0,0,0,0.0,False,action,1,US,ios,viral,new_user,0.0
user_0331,2026-01-01 13:54:07,2026-01-01 14:04:10.913037,1,1,9.9,0.0,0,7,0.3106,False,action,1,DE,ios,paid_search,new_user,0.3106
user_0429,2026-01-01 13:57:20,2026-03-31 18:28:10.000000,90,86,16.0,202.27,10,20,0.8906,True,puzzle,12,US,android,paid_social,high_value,203.1606
user_0217,2026-01-01 14:02:15,2026-01-01 20:55:17.103631,1,1,18.4,0.0,0,0,0.0,False,unknown,1,US,ios,paid_social,new_user,0.0
user_0342,2026-01-01 14:06:21,2026-03-16 20:15:25.915517,75,72,16.5,219.66,8,16,0.8604,True,puzzle,12,US,ios,paid_search,high_value,220.5204
user_0057,2026-01-01 14:11:05,2026-02-15 11:51:10.000000,45,15,17.0,0.0,0,6,0.2176,True,action,2,US,android,organic,high_value,0.2176
user_0133,2026-01-01 14:19:56,2026-01-01 16:16:12.000000,1,1,13.8,0.0,0,0,0.0,False,puzzle,1,JP,ios,organic,new_user,0.0
user_0473,2026-01-01 14:30:34,2026-01-01 17:59:04.805373,1,1,10.7,0.0,0,0,0.0,False,unknown,1,US,ios,referral,new_user,0.0
user_0268,2026-01-01 14:31:45,2026-01-01 16:02:23.877176,1,1,18.9,0.0,0,1,0.0483,False,unknown,2,BR,web,organic,new_user,0.0483
user_0291,2026-01-01 14:45:57,2026-03-30 21:13:46.000000,89,152,22.5,82.12,9,62,2.8612,True,social,56,US,web,referral,high_value,84.9812
user_0094,2026-01-01 14:47:33,2026-01-01 14:52:58.000000,1,1,5.1,0.0,0,3,0.1381,False,news,1,US,ios,viral,new_user,0.1381
user_0063,2026-01-01 14:52:42,2026-03-31 22:41:23.000000,90,52,12.1,0.0,0,173,7.3801,False,news,4,UK,android,organic,at_risk,7.3801
user_0216,2026-01-01 14:54:31,2026-01-01 16:28:54.960811,1,1,9.6,0.0,0,3,0.0791,False,unknown,1,US,android,viral,new_user,0.0791
user_0446,2026-01-01 14:58:00,2026-02-12 19:22:59.000000,43,23,18.9,0.0,0,14,0.7277,False,social,8,IN,web,viral,at_risk,0.7277
user_0330,2026-01-01 14:59:27,2026-03-30 21:31:35.000000,89,55,11.7,0.0,0,207,9.2209,False,puzzle,5,US,android,paid_search,ad_heavy,9.2209
user_0428,2026-01-01 15:00:10,2026-03-31 19:55:25.000000,90,176,22.4,131.32,12,81,3.7389,True,puzzle,68,BR,ios,paid_search,highly_engaged,135.0589
user_0174,2026-01-01 15:01:08,2026-01-01 23:45:10.000000,1,1,12.0,0.0,0,3,0.1606,False,unknown,1,US,android,organic,new_user,0.1606
user_0483,2026-01-01 15:01:27,2026-01-01 22:43:23.000000,1,1,1.0,0.0,0,1,0.0627,False,action,1,US,ios,organic,new_user,0.0627
user_0401,2026-01-01 15:02:17,2026-02-13 10:48:28.895575,43,21,21.6,0.0,0,10,0.4872,True,news,7,UK,ios,referral,high_value,0.4872
user_0139,2026-01-01 15:04:39,2026-03-31 20:36:07.487626,90,152,21.7,90.19,10,64,2.7325,True,puzzle,60,BR,ios,referral,high_value,92.9225
user_0421,2026-01-01 15:07:52,2026-03-31 22:33:26.714934,90,188,21.7,143.32,15,79,3.5568,True,video,60,UK,ios,organic,whale,146.8768
user_0162,2026-01-01 15:09:50,2026-01-01 17:15:45.000000,1,1,6.3,0.0,0,0,0.0,False,social,1,UK,android,organic,new_user,0.0
user_0383,2026-01-01 15:11:54,2026-03-13 15:37:18.000000,72,18,15.7,0.0,0,19,0.7656,True,puzzle,5,JP,ios,organic,high_value,0.7656
user_0475,2026-01-01 15:15:06,2026-01-01 23:02:50.000000,1,1,1.0,0.0,0,1,0.0492,False,unknown,1,JP,ios,organic,new_user,0.0492
user_0109,2026-01-01 15:17:16,2026-02-11 19:33:50.000000,42,26,20.2,10.95,1,11,0.5381,True,puzzle,11,IN,android,paid_search,high_value,11.4881
user_0043,2026-01-01 15:21:56,2026-01-01 18:43:28.000000,1,1,7.2,0.0,0,3,0.1715,False,puzzle,1,IN,android,viral,new_user,0.1715
user_0243,2026-01-01 15:22:44,2026-03-31 20:27:24.000000,90,24,18.1,5.69,1,10,0.455,True,puzzle,5,JP,android,paid_search,high_value,6.145
user_0068,2026-01-01 15:23:24,2026-03-31 23:32:02.980922,90,186,22.4,105.77,17,71,3.2272,True,puzzle,77,JP,android,paid_social,whale,108.9972
user_0375,2026-01-01 15:24:11,2026-01-01 15:36:36.585590,1,1,12.3,0.0,0,1,0.068,False,action,1,US,android,referral,new_user,0.068
user_0241,2026-01-01 15:29:48,2026-03-31 20:44:26.410437,90,104,16.6,360.24,13,25,1.0774,True,puzzle,27,US,ios,paid_search,high_value,361.3174
user_0432,2026-01-01 15:56:20,2026-03-28 12:20:48.000000,86,56,12.8,0.0,0,206,8.963,True,action,3,US,ios,organic,high_value,8.963
user_0373,2026-01-01 16:18:31,2026-01-01 16:34:14.798804,1,1,15.7,0.0,0,0,0.0,False,unknown,1,UK,ios,organic,new_user,0.0
user_0054,2026-01-01 16:25:23,2026-03-17 20:08:44.644002,76,48,11.9,0.0,0,176,8.4161,True,action,3,US,ios,paid_search,high_value,8.4161
user_0195,2026-01-01 16:30:17,2026-01-01 17:32:25.000000,1,1,1.0,0.0,0,0,0.0,False,puzzle,1,US,web,organic,new_user,0.0
user_0023,2026-01-01 16:32:52,2026-02-06 21:20:01.000000,37,19,20.9,15.6,2,5,0.2595,False,video,6,US,android,paid_social,at_risk,15.8595
user_0397,2026-01-01 16:49:21,2026-01-01 21:28:24.000000,1,1,13.9,0.0,0,1,0.0199,False,video,1,UK,android,organic,new_user,0.0199
user_0240,2026-01-01 16:59:49,2026-03-31 15:13:12.000000,89,98,16.0,274.32,11,26,1.169,True,video,29,IN,ios,organic,high_value,275.489
user_0041,2026-01-01 17:14:02,2026-03-31 21:27:25.457750,90,87,14.9,354.71,13,19,0.8954,True,puzzle,15,US,ios,organic,high_value,355.6054
user_0132,2026-01-01 17:19:25,2026-03-28 20:07:17.148824,87,34,17.9,0.0,0,11,0.4899,True,social,9,US,android,referral,high_value,0.4899
user_0038,2026-01-01 17:25:10,2026-01-01 19:13:06.000000,1,1,6.1,0.0,0,0,0.0,False,puzzle,2,US,ios,paid_social,new_user,0.0
user_0194,2026-01-01 17:41:18,2026-01-01 22:23:32.785995,1,1,9.5,0.0,0,3,0.1752,False,unknown,1,BR,ios,paid_search,new_user,0.1752
user_0435,2026-01-01 17:55:09,2026-01-01 19:14:51.000000,1,1,1.7,0.0,0,0,0.0,False,video,1,US,android,referral,new_user,0.0
user_0336,2026-01-01 17:58:04,2026-03-31 21:17:07.000000,90,173,21.0,78.7,11,73,3.243,True,social,71,JP,android,organic,highly_engaged,81.943
user_0075,2026-01-01 17:58:24,2026-01-01 18:06:51.426814,1,1,8.4,0.0,0,0,0.0,False,video,1,UK,ios,paid_search,new_user,0.0
user_0032,2026-01-01 18:12:07,2026-01-01 21:52:11.000000,1,1,5.0,0.0,0,0,0.0,False,puzzle,1,UK,android,organic,new_user,0.0
user_0042,2026-01-01 18:25:57,2026-03-31 19:03:43.589316,90,69,11.9,0.0,0,283,12.6489,False,social,8,US,web,paid_search,ad_heavy,12.6489
user_0209,2026-01-01 18:48:58,2026-03-07 19:33:35.985759,66,23,19.0,0.0,0,17,0.7655,False,action,4,US,ios,paid_search,casual,0.7655
user_0431,2026-01-01 18:52:50,2026-03-31 21:40:21.000000,90,89,15.6,73.86,3,26,1.3312,True,video,23,DE,ios,organic,high_value,75.1912
user_0146,2026-01-01 18:54:12,2026-01-01 20:01:50.000000,1,1,4.2,0.0,0,0,0.0,False,puzzle,1,US,ios,paid_social,new_user,0.0
user_0334,2026-01-01 19:04:40,2026-01-01 23:57:58.000000,1,1,1.2,0.0,0,0,0.0,False,unknown,1,UK,web,paid_social,new_user,0.0
user_0263,2026-01-01 19:07:20,2026-01-01 19:20:34.000000,1,1,6.3,0.0,0,0,0.0,False,news,1,JP,android,referral,new_user,0.0
user_0065,2026-01-01 19:12:48,2026-02-13 12:08:27.000000,43,16,17.6,16.32,2,5,0.3145,True,social,6,BR,android,viral,high_value,16.6345
user_0079,2026-01-01 19:14:31,2026-03-17 23:06:17.873472,76,84,15.6,308.54,13,16,0.7285,True,news,24,US,ios,referral,high_value,309.2685
user_0005,2026-01-01 19:19:32,2026-03-31 22:41:14.000000,90,33,18.2,17.89,2,27,1.2896,False,action,11,IN,android,paid_search,casual,19.1796
user_0443,2026-01-01 19:27:05,2026-01-01 21:54:53.000000,1,1,6.3,0.0,0,1,0.0187,False,unknown,2,UK,ios,paid_social,new_user,0.0187
user_0223,2026-01-01 19:28:10,2026-02-14 21:07:05.000000,45,24,18.9,20.79,3,2,0.09,True,video,8,US,android,organic,high_value,20.88
user_0427,2026-01-01 19:37:53,2026-03-16 14:50:07.000000,74,69,17.1,217.88,11,13,0.5555,True,social,14,US,android,viral,high_value,218.4355
user_0489,2026-01-01 20:08:11,2026-03-06 19:38:08.000000,64,17,16.0,0.0,0,6,0.3341,False,puzzle,4,BR,ios,organic,casual,0.3341
user_0298,2026-01-01 20:19:25,2026-03-31 20:37:10.000000,90,97,16.4,339.61,10,31,1.3777,False,news,25,UK,ios,organic,high_value,340.9877
user_0481,2026-01-01 20:49:52,2026-01-01 21:03:11.458144,1,1,13.2,0.0,0,0,0.0,False,video,1,US,web,paid_social,new_user,0.0
user_0406,2026-01-01 20:52:53,2026-01-01 21:10:44.156493,1,1,17.8,0.0,0,0,0.0,True,video,1,US,ios,paid_social,high_value,0.0
user_0170,2026-01-01 21:02:14,2026-01-01 21:08:26.951751,1,1,6.2,0.0,0,2,0.1064,False,unknown,1,US,web,organic,new_user,0.1064
user_0157,2026-01-01 21:10:17,2026-03-12 11:16:59.000000,70,38,12.0,0.0,0,152,6.8859,True,puzzle,3,DE,web,paid_social,high_value,6.8859
user_0418,2026-01-01 21:37:51,2026-01-01 21:41:42.220113,1,1,3.8,0.0,0,0,0.0,False,news,1,US,ios,viral,new_user,0.0
user_0332,2026-01-01 21:51:25,2026-03-27 22:35:06.000000,86,53,11.7,0.0,0,175,8.2647,False,puzzle,3,IN,android,viral,at_risk,8.2647
user_0460,2026-01-01 21:57:17,2026-03-11 16:34:25.000000,69,17,18.2,0.0,0,14,0.6558,True,social,1,BR,android,paid_social,high_value,0.6558
user_0055,2026-01-01 22:17:25,2026-03-31 17:44:08.000000,89,93,16.6,455.05,18,14,0.506,True,social,24,BR,android,organic,high_value,455.556
user_0003,2026-01-01 23:29:48,2026-03-31 22:45:21.000000,89,42,12.7,0.0,0,147,6.4134,False,action,5,US,web,paid_social,casual,6.4134
user_0159,2026-01-02 01:56:58,2026-03-17 21:32:19.755147,75,37,10.5,0.0,0,127,6.1064,False,puzzle,5,JP,android,referral,casual,6.1064
user_0004,2026-01-02 02:54:35,2026-03-31 13:50:30.000000,89,194,21.3,78.27,9,78,3.5901,True,social,75,US,ios,viral,whale,81.8601
user_0425,2026-01-02 02:59:39,2026-03-16 22:17:54.000000,74,75,15.1,187.78,7,19,0.8479,True,action,23,IN,android,organic,high_value,188.6279
user_0048,2026-01-02 06:33:28,2026-03-30 21:04:32.804623,88,48,12.6,0.0,0,156,7.0051,False,social,2,IN,web,organic,at_risk,7.0051
user_0214,2026-01-02 07:07:09,2026-03-14 22:22:56.269729,72,38,11.0,0.0,0,127,5.5423,False,news,4,DE,ios,organic,at_risk,5.5423
user_0337,2026-01-02 07:51:56,2026-03-31 22:03:19.539623,89,48,11.9,0.0,0,172,7.8666,False,social,2,JP,android,organic,at_risk,7.8666
user_0193,2026-01-02 08:10:51,2026-03-16 15:23:09.000000,74,77,16.2,210.09,10,15,0.4957,True,video,19,UK,android,viral,high_value,210.5857
user_0019,2026-01-02 08:12:38,2026-03-31 23:07:00.716599,89,131,19.7,1815.54,41,13,0.5694,True,action,50,US,android,organic,high_value,1816.1094
user_0324,2026-01-02 08:17:58,2026-03-31 19:27:22.000000,89,99,16.5,245.85,11,19,0.8774,True,video,18,UK,android,organic,high_value,246.7274
user_0235,2026-01-02 08:48:40,2026-03-31 21:39:40.000000,89,99,14.5,398.71,14,19,0.8938,True,puzzle,33,IN,android,paid_search,high_value,399.6038
user_0393,2026-01-02 08:54:50,2026-03-13 21:01:46.497272,71,33,11.7,0.0,0,137,6.1599,True,action,2,US,android,referral,high_value,6.1599
user_0295,2026-01-02 08:58:04,2026-02-08 20:10:43.000000,38,21,21.0,4.73,1,8,0.3744,True,social,3,IN,ios,paid_social,high_value,5.1044
user_0343,2026-01-02 09:04:13,2026-03-12 00:04:38.061294,69,25,20.0,0.0,0,7,0.2917,False,puzzle,5,US,android,organic,casual,0.2917
user_0442,2026-01-02 09:05:48,2026-03-31 17:41:49.113293,89,44,12.4,0.0,0,169,7.8212,True,puzzle,3,IN,android,paid_search,high_value,7.8212
user_0458,2026-01-02 09:12:18,2026-03-31 23:03:42.307199,89,103,15.9,234.47,11,23,0.8452,True,action,23,US,android,referral,high_value,235.3152
user_0024,2026-01-02 09:15:19,2026-03-31 19:50:35.000000,89,90,16.1,263.74,10,16,0.8376,True,social,22,DE,android,paid_social,high_value,264.5776
user_0138,2026-01-02 09:56:22,2026-03-29 19:36:58.604728,87,85,16.9,174.87,5,18,0.8288,True,action,18,BR,ios,paid_search,high_value,175.6988
user_0367,2026-01-02 10:13:38,2026-03-31 18:27:44.000000,89,40,11.9,2.62,1,152,7.1876,False,action,4,BR,android,organic,casual,9.8076
user_0328,2026-01-02 11:06:21,2026-03-30 21:38:26.000000,88,143,20.0,1622.47,35,10,0.3912,True,action,50,JP,ios,viral,high_value,1622.8612
user_0396,2026-01-02 11:21:45,2026-03-31 15:25:54.000000,89,90,16.3,205.87,9,22,0.8515,True,social,17,BR,ios,paid_social,high_value,206.7215
user_0471,2026-01-02 11:41:47,2026-03-10 20:37:38.000000,68,27,17.6,0.99,1,12,0.5038,False,action,6,JP,ios,paid_social,casual,1.4938
user_0105,2026-01-02 12:09:26,2026-03-31 23:32:33.219305,89,63,11.9,0.0,0,230,10.389,False,video,7,US,android,paid_search,ad_heavy,10.389
user_0091,2026-01-02 12:14:00,2026-03-31 19:40:24.000000,89,48,12.7,0.0,0,187,7.7823,False,puzzle,6,DE,ios,paid_search,at_risk,7.7823
user_0215,2026-01-02 12:14:23,2026-03-17 20:45:16.000000,75,41,10.8,0.0,0,144,6.5885,False,action,5,BR,android,paid_social,at_risk,6.5885
user_0210,2026-01-02 13:37:01,2026-03-31 19:47:15.762855,89,52,12.3,0.0,0,223,9.886,False,video,7,US,android,organic,ad_heavy,9.886
user_0325,2026-01-02 15:55:19,2026-03-31 23:08:03.000000,89,45,10.9,0.0,0,138,6.2438,True,social,5,JP,android,paid_social,high_value,6.2438
user_0366,2026-01-02 17:10:56,2026-03-17 14:01:34.802903,74,71,15.7,159.14,8,17,0.9043,True,social,17,US,android,organic,high_value,160.0443
user_0179,2026-01-02 18:45:43,2026-04-01 00:10:15.009591,89,50,13.3,0.99,1,204,9.1149,False,puzzle,4,BR,ios,paid_search,ad_heavy,10.1049
user_0344,2026-01-02 19:25:02,2026-03-31 23:05:27.000000,89,89,16.9,329.19,12,17,0.7829,True,social,18,US,android,paid_search,high_value,329.9729
user_0245,2026-01-03 05:10:04,2026-02-05 21:40:36.000000,34,18,17.9,0.0,0,5,0.2313,True,action,6,BR,android,paid_social,high_value,0.2313
user_0357,2026-01-03 05:48:26,2026-03-29 14:17:26.000000,86,78,16.2,408.85,16,14,0.5268,True,action,26,IN,ios,organic,high_value,409.3768
user_0006,2026-01-03 07:35:41,2026-03-31 08:59:35.000000,88,52,11.2,1.42,1,198,8.8297,True,social,5,US,android,paid_social,high_value,10.2497
user_0274,2026-01-03 08:47:03,2026-03-31 11:59:54.000000,88,40,11.4,0.0,0,147,6.3413,True,news,4,US,android,paid_social,high_value,6.3413
user_0143,2026-01-03 08:49:48,2026-03-28 19:34:30.127604,85,27,15.5,0.0,0,15,0.7455,True,social,9,IN,android,paid_social,high_value,0.7455
user_0364,2026-01-03 09:11:28,2026-03-31 19:02:53.000000,88,43,11.8,0.0,0,152,6.5559,False,social,5,BR,android,organic,casual,6.5559
user_0379,2026-01-03 10:32:12,2026-03-31 10:20:21.000000,87,43,11.5,0.0,0,173,7.3257,False,action,8,UK,web,organic,casual,7.3257
user_0411,2026-01-03 13:39:19,2026-03-31 16:57:56.168257,88,47,12.5,3.1,1,168,7.6586,False,puzzle,4,UK,android,organic,at_risk,10.7586
user_0355,2026-01-03 20:02:18,2026-02-10 20:09:09.000000,39,16,19.0,0.0,0,17,0.9142,False,puzzle,4,IN,ios,paid_social,casual,0.9142
user_0465,2026-01-04 06:39:05,2026-03-29 23:17:02.000000,85,46,10.3,0.0,0,189,8.2504,False,action,5,UK,android,paid_social,at_risk,8.2504
user_0438,2026-01-04 09:45:08,2026-03-17 19:58:05.000000,73,38,13.1,0.0,0,123,5.5195,True,action,2,US,web,referral,high_value,5.5195
user_0086,2026-01-04 10:13:10,2026-03-28 15:28:10.000000,84,56,12.2,0.0,0,204,9.1359,False,action,5,JP,ios,viral,ad_heavy,9.1359
user_0053,2026-01-04 13:24:08,2026-03-31 22:52:38.890511,87,50,11.7,0.0,0,184,8.4383,False,puzzle,5,US,ios,organic,at_risk,8.4383
user_0080,2026-01-04 15:21:07,2026-03-31 19:33:07.000000,87,41,13.8,0.0,0,155,6.9294,False,social,3,JP,ios,organic,casual,6.9294
user_0492,2026-01-05 07:38:11,2026-03-15 22:00:15.000000,70,38,11.8,0.0,0,114,5.2508,False,video,3,US,android,organic,at_risk,5.2508
user_0030,2026-01-06 09:46:44,2026-03-31 19:49:18.000000,85,62,12.1,0.0,0,223,9.6737,False,news,8,BR,web,organic,ad_heavy,9.6737
user_0317,2026-01-06 10:09:26,2026-03-17 20:41:55.021631,71,37,11.8,1.98,2,128,5.5462,False,video,3,JP,web,paid_search,at_risk,7.5262
user_0029,2026-01-06 10:19:52,2026-03-30 21:42:55.815653,84,42,11.2,2.76,1,165,7.1499,True,puzzle,2,BR,ios,organic,high_value,9.9099
user_0452,2026-01-08 14:20:48,2026-03-30 21:57:58.000000,82,48,12.7,0.0,0,158,7.287,False,puzzle,5,IN,android,organic,at_risk,7.287
user_0499,2026-01-11 08:07:49,2026-02-15 21:59:57.618710,36,19,19.1,0.0,0,7,0.329,True,social,6,JP,android,organic,high_value,0.329
user_0285,2026-03-02 01:18:02,2026-03-04 20:19:33.000000,3,6,11.0,0.0,0,5,0.2731,True,social,2,BR,android,paid_social,high_value,0.2731
user_0305,2026-03-02 01:23:06,2026-03-04 23:16:17.000000,3,7,15.0,0.0,0,5,0.2576,False,puzzle,4,US,web,paid_search,new_user,0.2576
user_0399,2026-03-02 02:55:45,2026-03-04 18:23:36.000000,3,8,15.2,0.0,0,2,0.0573,True,action,4,US,ios,organic,high_value,0.0573
user_0365,2026-03-02 02:59:55,2026-03-04 18:38:58.853182,3,7,15.2,5.96,1,3,0.0834,False,social,3,BR,ios,paid_social,new_user,6.0434
user_0476,2026-03-02 05:41:18,2026-03-04 19:11:51.084871,3,9,12.9,0.0,0,2,0.0692,False,action,4,US,ios,paid_social,new_user,0.0692
user_0479,2026-03-02 06:20:37,2026-03-31 22:25:46.000000,30,25,13.1,8.63,1,19,0.8654,False,puzzle,11,UK,android,viral,at_risk,9.4954
user_0081,2026-03-02 06:39:35,2026-03-04 23:15:10.718275,3,8,13.8,21.18,2,6,0.2287,False,action,4,BR,android,paid_social,new_user,21.4087
user_0069,2026-03-02 06:59:26,2026-03-30 23:12:41.853628,29,23,12.9,10.18,1,10,0.3997,False,puzzle,11,IN,ios,referral,at_risk,10.5797
user_0001,2026-03-02 07:12:06,2026-03-31 23:34:45.000000,30,20,15.5,0.0,0,13,0.5635,True,social,8,UK,ios,viral,high_value,0.5635
user_0148,2026-03-02 07:16:24,2026-03-04 20:13:22.000000,3,8,14.8,0.0,0,8,0.3811,False,action,3,IN,web,referral,new_user,0.3811
user_0314,2026-03-02 07:19:46,2026-03-04 22:45:52.000000,3,7,15.1,0.0,0,4,0.1711,False,social,4,US,android,organic,new_user,0.1711
user_0110,2026-03-02 07:40:54,2026-03-31 22:22:30.000000,30,22,13.8,0.0,0,9,0.4039,False,social,5,BR,android,referral,at_risk,0.4039
user_0231,2026-03-02 07:42:21,2026-03-04 15:51:15.000000,3,6,17.5,0.0,0,3,0.1125,False,action,2,BR,android,referral,new_user,0.1125
user_0248,2026-03-02 07:49:55,2026-03-04 20:49:34.830411,3,7,12.5,0.0,0,4,0.1484,False,social,3,US,web,paid_search,new_user,0.1484
user_0395,2026-03-02 07:53:33,2026-03-31 20:13:34.000000,30,27,15.1,7.49,1,6,0.2866,True,puzzle,13,JP,android,organic,high_value,7.7766
user_0106,2026-03-02 07:53:52,2026-03-04 19:06:29.000000,3,8,15.2,0.0,0,2,0.1054,True,video,3,UK,ios,paid_social,high_value,0.1054
user_0021,2026-03-02 07:55:53,2026-03-04 21:40:28.000000,3,8,11.0,6.71,1,7,0.2469,True,video,6,DE,ios,paid_search,high_value,6.9569
user_0123,2026-03-02 07:59:36,2026-03-31 16:04:21.094834,30,22,11.7,0.0,0,22,0.968,True,social,12,BR,android,paid_search,high_value,0.968
user_0457,2026-03-02 08:04:17,2026-03-31 21:35:01.000000,30,22,14.0,0.0,0,9,0.4514,True,social,8,UK,android,paid_search,high_value,0.4514
user_0398,2026-03-02 08:07:36,2026-03-04 21:19:47.000000,3,9,15.9,0.0,0,8,0.3461,False,news,2,JP,android,paid_search,new_user,0.3461
user_0186,2026-03-02 08:18:54,2026-03-04 20:39:49.480145,3,7,17.3,1.48,1,2,0.0682,True,puzzle,3,US,web,paid_social,high_value,1.5482
user_0034,2026-03-02 08:23:10,2026-03-04 11:00:59.000000,3,8,16.9,0.0,0,4,0.1626,True,social,4,IN,ios,organic,high_value,0.1626
user_0014,2026-03-02 08:29:11,2026-03-30 19:44:58.735415,29,22,16.8,15.67,2,17,0.7064,True,video,8,US,android,organic,high_value,16.3764
user_0056,2026-03-02 08:30:17,2026-03-29 19:24:08.000000,28,20,15.2,4.99,1,7,0.4022,False,social,10,BR,ios,paid_social,at_risk,5.3922
user_0010,2026-03-02 08:35:03,2026-03-04 21:20:47.453851,3,7,10.6,0.0,0,8,0.372,True,social,3,US,web,organic,high_value,0.372
user_0252,2026-03-02 08:39:35,2026-03-04 11:52:31.000000,3,6,12.1,0.0,0,3,0.1166,False,social,3,JP,android,paid_social,new_user,0.1166
user_0496,2026-03-02 08:41:30,2026-03-31 22:11:31.000000,30,21,12.0,4.49,1,23,1.0596,True,action,7,UK,ios,organic,high_value,5.5496
user_0092,2026-03-02 08:43:13,2026-03-05 00:21:40.971927,3,8,18.9,0.0,0,3,0.1097,False,action,5,IN,ios,organic,new_user,0.1097
user_0485,2026-03-02 08:47:04,2026-03-04 22:41:53.600062,3,9,11.7,6.73,1,12,0.4097,False,puzzle,6,UK,ios,organic,new_user,7.1397
user_0046,2026-03-02 09:04:37,2026-03-04 23:23:26.175826,3,8,12.1,0.0,0,2,0.0887,False,puzzle,6,US,ios,paid_social,new_user,0.0887
user_0033,2026-03-02 09:05:48,2026-03-04 21:23:55.000000,3,7,16.4,0.0,0,1,0.065,True,action,2,IN,android,paid_search,high_value,0.065
user_0093,2026-03-02 09:11:14,2026-03-04 19:51:43.000000,3,7,13.1,4.64,1,4,0.1395,True,action,5,US,ios,paid_social,high_value,4.7795
user_0249,2026-03-02 09:13:37,2026-03-31 21:07:08.263966,30,19,13.9,5.31,1,10,0.484,False,social,5,US,android,viral,at_risk,5.794
user_0470,2026-03-02 09:15:41,2026-03-04 20:39:13.000000,3,7,13.9,0.0,0,6,0.2572,True,action,4,DE,ios,organic,high_value,0.2572
user_0071,2026-03-02 09:23:54,2026-03-05 00:04:40.613780,3,8,17.0,0.0,0,2,0.0871,False,social,3,UK,android,organic,new_user,0.0871
user_0316,2026-03-02 09:25:43,2026-03-04 21:56:13.000000,3,8,14.0,0.0,0,5,0.2059,False,video,3,US,web,paid_social,new_user,0.2059
user_0498,2026-03-02 09:29:03,2026-03-04 21:14:52.501157,3,9,11.7,5.87,1,7,0.3543,True,puzzle,5,IN,web,paid_social,high_value,6.2243
user_0378,2026-03-02 09:29:15,2026-03-04 22:06:52.785848,3,7,18.4,0.0,0,3,0.0756,True,puzzle,1,US,ios,paid_search,high_value,0.0756
user_0354,2026-03-02 09:38:54,2026-03-31 20:50:07.000000,30,20,12.4,3.07,1,16,0.7116,True,action,9,JP,ios,paid_social,high_value,3.7816
user_0247,2026-03-02 09:43:13,2026-03-04 23:59:29.000000,3,7,14.1,0.0,0,3,0.1408,False,action,5,JP,ios,paid_search,new_user,0.1408
user_0165,2026-03-02 09:50:26,2026-03-04 23:59:05.682536,3,7,12.9,0.0,0,6,0.2624,False,puzzle,2,UK,ios,organic,new_user,0.2624
user_0026,2026-03-02 10:12:02,2026-03-04 22:44:36.908281,3,9,15.0,0.0,0,8,0.4556,True,action,6,IN,android,referral,high_value,0.4556
user_0009,2026-03-02 10:16:49,2026-03-04 20:44:22.000000,3,8,10.9,0.0,0,6,0.287,False,video,3,BR,ios,paid_search,new_user,0.287
user_0311,2026-03-02 10:18:21,2026-03-05 00:06:26.978160,3,7,12.3,0.0,0,3,0.1079,False,video,4,US,ios,paid_search,new_user,0.1079
user_0313,2026-03-02 10:23:23,2026-03-04 21:56:33.000000,3,7,12.5,0.0,0,2,0.0826,True,puzzle,5,JP,android,organic,high_value,0.0826
user_0219,2026-03-02 10:36:19,2026-03-04 23:17:58.445825,3,9,13.5,0.0,0,8,0.3066,True,social,7,IN,ios,referral,high_value,0.3066
user_0176,2026-03-02 10:51:29,2026-03-04 21:55:47.000000,3,6,18.2,0.0,0,3,0.1025,True,video,3,US,ios,organic,high_value,0.1025
user_0236,2026-03-02 11:04:04,2026-03-28 21:00:29.000000,27,16,14.2,0.0,0,7,0.3162,True,news,7,US,ios,paid_social,high_value,0.3162
user_0306,2026-03-02 11:12:53,2026-03-04 20:43:30.000000,3,7,13.0,0.0,0,5,0.2029,True,puzzle,2,IN,ios,viral,high_value,0.2029
user_0372,2026-03-02 11:14:19,2026-03-04 23:12:54.286928,3,8,16.7,0.0,0,2,0.129,False,social,4,JP,android,organic,new_user,0.129
user_0096,2026-03-02 11:41:17,2026-03-04 21:40:12.475343,3,7,14.8,6.7,1,4,0.132,True,news,1,US,android,paid_search,high_value,6.832
user_0377,2026-03-02 11:45:25,2026-03-31 21:33:48.000000,30,21,12.5,0.0,0,10,0.5099,True,action,9,UK,ios,paid_social,high_value,0.5099
user_0118,2026-03-02 12:09:54,2026-03-31 10:25:03.000000,29,23,13.6,0.0,0,13,0.7238,False,action,9,UK,ios,organic,at_risk,0.7238
user_0275,2026-03-02 12:25:03,2026-03-04 16:21:58.000000,3,8,13.8,0.0,0,4,0.1955,False,puzzle,5,IN,ios,organic,new_user,0.1955
user_0480,2026-03-02 12:52:05,2026-03-29 22:24:09.000000,28,23,15.5,10.86,1,8,0.4247,False,action,10,US,android,paid_search,at_risk,11.2847
user_0040,2026-03-02 14:00:17,2026-03-31 20:46:27.160068,30,21,14.7,5.18,1,7,0.2694,True,puzzle,10,DE,android,paid_social,high_value,5.4494
user_0087,2026-03-02 14:56:50,2026-03-30 20:57:09.000000,29,22,14.4,12.93,2,13,0.6802,False,social,10,IN,android,organic,at_risk,13.6102
user_0384,2026-03-02 15:12:17,2026-03-04 23:52:47.872366,3,9,13.8,0.0,0,2,0.0826,True,social,4,IN,ios,organic,high_value,0.0826
user_0287,2026-03-02 17:34:52,2026-03-04 21:00:19.045577,3,7,15.5,0.0,0,4,0.2042,False,puzzle,4,IN,web,paid_search,new_user,0.2042
user_0206,2026-03-18 03:15:22,2026-03-30 22:01:41.873838,13,18,9.5,3.58,1,20,0.8231,False,news,3,BR,ios,organic,new_user,4.4031
user_0400,2026-03-18 04:33:59,2026-03-31 21:06:28.000000,14,14,9.6,0.0,0,6,0.3044,False,action,4,IN,android,organic,new_user,0.3044
user_0059,2026-03-18 07:00:04,2026-03-30 12:05:27.310319,13,14,7.3,4.0,1,19,0.7423,False,puzzle,1,US,android,referral,new_user,4.7423
user_0242,2026-03-18 07:14:58,2026-03-31 22:51:11.000000,14,10,10.1,0.0,0,4,0.1584,False,video,1,IN,web,paid_search,new_user,0.1584
user_0067,2026-03-18 07:46:58,2026-03-31 20:29:52.407370,14,17,10.2,0.0,0,12,0.5493,False,action,2,BR,web,paid_social,new_user,0.5493
user_0154,2026-03-18 08:05:09,2026-03-30 21:22:25.000000,13,8,11.3,0.0,0,7,0.3787,False,action,1,BR,android,viral,new_user,0.3787
user_0426,2026-03-18 08:15:34,2026-03-31 20:36:48.000000,14,13,11.5,0.0,0,20,0.9855,True,puzzle,3,US,android,referral,high_value,0.9855
user_0388,2026-03-18 08:22:21,2026-03-31 18:42:07.000000,14,10,10.0,0.0,0,14,0.7539,True,puzzle,2,US,android,organic,high_value,0.7539
user_0322,2026-03-18 08:35:50,2026-03-30 21:56:06.000000,13,19,8.8,0.0,0,16,0.6752,False,puzzle,4,US,android,referral,new_user,0.6752
user_0455,2026-03-18 08:37:15,2026-03-31 19:21:14.000000,14,13,9.8,0.0,0,15,0.6519,False,news,2,DE,android,viral,new_user,0.6519
user_0205,2026-03-18 09:09:54,2026-03-30 21:47:16.000000,13,10,10.8,4.53,1,10,0.3643,True,news,1,UK,web,paid_search,high_value,4.8943
user_0098,2026-03-18 10:29:13,2026-03-31 21:16:58.000000,14,10,10.4,0.0,0,9,0.438,True,news,2,BR,android,paid_search,high_value,0.438
user_0416,2026-03-18 10:44:29,2026-03-29 21:31:18.000000,12,12,9.8,0.0,0,10,0.4238,False,video,4,BR,ios,paid_social,new_user,0.4238
user_0127,2026-03-18 10:46:34,2026-03-31 20:54:11.000000,14,12,12.5,0.0,0,9,0.3907,True,action,1,IN,android,referral,high_value,0.3907
user_0183,2026-03-18 10:48:30,2026-03-29 15:45:55.000000,12,14,10.3,3.92,1,8,0.4589,False,social,1,DE,web,referral,new_user,4.3789
user_0271,2026-03-18 10:51:09,2026-03-29 20:15:37.000000,12,10,11.1,0.0,0,9,0.3298,False,puzzle,1,JP,ios,paid_social,new_user,0.3298
user_0203,2026-03-18 11:18:54,2026-03-31 12:50:42.000000,14,13,9.1,0.0,0,8,0.3177,False,social,1,IN,ios,viral,new_user,0.3177
user_0090,2026-03-18 11:23:05,2026-03-31 19:36:30.730755,14,15,13.1,0.0,0,8,0.363,False,news,1,US,ios,organic,new_user,0.363
user_0088,2026-03-18 12:59:20,2026-03-31 21:37:50.936858,14,10,11.7,0.0,0,7,0.3587,False,news,2,US,web,referral,new_user,0.3587
user_0191,2026-03-18 13:12:22,2026-03-30 14:45:09.883816,13,13,11.6,0.0,0,21,1.0391,False,puzzle,1,BR,android,viral,new_user,1.0391
user_0025,2026-03-18 14:37:14,2026-03-31 21:21:04.000000,14,9,10.6,0.0,0,6,0.2346,False,puzzle,1,IN,android,paid_search,new_user,0.2346
user_0126,2026-03-19 01:37:15,2026-03-30 18:21:54.904555,12,8,9.5,7.32,1,4,0.1602,False,puzzle,1,US,ios,organic,new_user,7.4802
user_0361,2026-03-19 07:31:51,2026-03-31 23:33:08.000000,13,14,10.8,0.0,0,14,0.636,False,action,3,DE,ios,organic,new_user,0.636
user_0239,2026-03-19 08:10:18,2026-03-31 19:34:08.000000,13,16,12.6,0.0,0,9,0.3309,True,action,3,JP,ios,organic,high_value,0.3309
user_0172,2026-03-19 09:09:44,2026-03-28 19:38:51.000000,10,11,12.0,0.0,0,14,0.5541,False,action,2,JP,ios,paid_search,new_user,0.5541
user_0468,2026-03-19 09:12:09,2026-03-31 17:28:28.000000,13,15,10.5,0.0,0,20,0.8943,False,social,7,UK,android,referral,new_user,0.8943
user_0472,2026-03-19 10:37:57,2026-03-31 13:52:16.000000,13,14,9.3,0.0,0,9,0.3523,False,social,2,IN,android,viral,new_user,0.3523
user_0168,2026-03-19 17:36:10,2026-03-31 21:38:07.731371,13,16,10.2,0.0,0,21,1.1052,False,puzzle,4,US,android,organic,new_user,1.1052
user_0340,2026-03-20 07:16:30,2026-03-30 22:27:59.000000,11,10,10.2,0.0,0,4,0.1807,True,video,3,US,ios,referral,high_value,0.1807
user_0083,2026-03-20 10:59:21,2026-03-29 19:56:04.107880,10,8,9.4,4.78,1,5,0.1405,True,puzzle,1,BR,android,organic,high_value,4.9205
user_0107,2026-03-20 13:06:00,2026-03-31 21:03:59.000000,12,17,9.4,0.0,0,17,0.8477,True,puzzle,3,US,web,referral,high_value,0.8477
user_0391,2026-03-21 09:18:52,2026-03-31 17:19:20.723288,11,12,10.3,0.0,0,14,0.5735,True,action,2,BR,android,organic,high_value,0.5735
user_0461,2026-03-21 14:13:44,2026-03-31 19:34:26.000000,11,15,9.1,5.97,1,14,0.6587,False,news,2,IN,android,organic,new_user,6.6287
